Rank,Country Name,Quality of Life Index,Purchasing Power Index,Safety Index,Health Care Index,Cost of Living Index,Property Price to Income Ratio,Traffic Commute Time Index,Pollution Index,Climate Index,Year
1,Switzerland,206.2,138.1,68.2,68.0,143.9,7.1,24.6,26.8,,2014
2,Germany,192.7,112.3,72.9,75.3,87.1,5.6,36.1,30.2,,2014
3,Sweden,180.9,106.1,61.7,75.2,103.7,9.4,34.1,17.5,,2014
4,Finland,178.9,97.9,70.8,68.7,103.3,7.8,37.0,16.7,,2014
5,Denmark,178.6,100.7,70.7,85.6,114.9,6.4,25.0,34.8,,2014
6,Austria,171.8,91.5,74.2,79.7,89.5,9.2,24.5,31.7,,2014
7,Norway,168.4,94.4,66.3,75.7,144.4,7.4,24.5,22.6,,2014
8,Netherlands,161.0,97.5,62.9,66.2,98.8,6.1,35.1,32.4,,2014
9,United Kingdom,151.0,94.3,57.4,73.5,100.1,7.7,37.7,33.8,,2014
10,Estonia,145.4,48.7,70.9,76.3,67.3,10.2,24.7,13.4,,2014
11,Ireland,142.4,94.6,46.4,42.6,106.6,5.7,22.5,29.3,,2014
12,France,136.3,92.3,52.7,82.3,100.2,10.3,28.1,46.9,,2014
13,Belgium,134.7,87.9,58.5,78.0,100.0,6.0,26.0,56.2,,2014
14,Slovenia,125.6,60.4,66.8,61.3,75.4,11.1,20.7,33.0,,2014
15,Portugal,124.7,54.6,64.9,64.8,69.3,8.4,28.9,30.9,,2014
16,Spain,123.6,72.5,67.6,75.2,77.2,10.5,32.0,49.8,,2014
17,Czech Republic,123.0,62.3,66.1,66.3,56.6,10.4,33.1,38.3,,2014
18,Lithuania,121.9,43.2,65.3,69.3,60.0,12.9,22.0,21.1,,2014
19,Slovakia,108.7,52.4,67.3,63.5,61.5,9.5,37.5,40.8,,2014
20,Croatia,108.7,48.3,71.1,55.9,69.0,13.4,33.4,28.7,,2014
21,Poland,95.2,57.6,62.5,54.8,53.7,11.4,35.3,50.5,,2014
22,Italy,90.6,75.4,54.4,65.0,96.8,12.2,38.0,60.4,,2014
23,Hungary,83.2,44.9,62.5,46.6,59.3,9.6,34.8,48.3,,2014
24,Greece,77.5,44.3,57.0,59.0,83.8,11.7,37.0,45.3,,2014
25,Bosnia And Herzegovina,74.6,44.5,55.0,54.4,49.8,12.0,22.6,58.2,,2014
26,Belarus,74.4,33.9,67.1,48.0,50.3,16.8,24.8,42.7,,2014
27,Serbia,69.3,37.4,60.7,54.4,51.6,16.9,24.4,49.6,,2014
28,Romania,63.3,36.5,71.3,47.3,48.2,13.2,33.3,62.6,,2014
29,Bulgaria,62.6,37.4,60.0,58.0,50.0,9.9,34.7,66.7,,2014
30,Ukraine,22.2,31.0,50.6,47.1,45.6,16.0,41.9,73.3,,2014
31,Russia,16.5,37.3,47.3,43.5,61.8,14.7,49.7,76.5,,2014
1,Switzerland,208.5,137.0,71.8,68.0,142.5,7.0,25.7,26.0,,2014/2
2,Germany,186.6,105.8,70.9,76.7,86.8,6.1,31.4,30.3,,2014/2
3,Finland,182.6,96.6,70.8,69.0,102.0,7.2,31.5,16.0,,2014/2
4,Sweden,176.6,101.9,58.0,77.1,98.5,9.7,32.4,17.2,,2014/2
5,Denmark,165.6,91.6,72.9,82.6,115.1,5.9,28.8,37.6,,2014/2
6,Austria,160.7,89.1,71.8,77.8,87.7,10.2,24.8,35.8,,2014/2
7,Norway,160.5,89.8,67.0,75.4,145.2,7.8,25.6,24.9,,2014/2
8,Netherlands,149.9,91.8,63.6,66.7,98.7,6.5,35.5,37.3,,2014/2
9,United Kingdom,146.2,90.0,59.0,72.8,103.1,7.8,34.6,36.0,,2014/2
10,Ireland,140.1,89.6,48.3,46.7,105.6,6.1,26.6,27.4,,2014/2
11,Estonia,137.3,47.8,70.9,71.7,67.6,10.7,24.7,17.3,,2014/2
12,Belgium,128.7,82.4,56.2,77.5,101.1,6.0,25.7,54.6,,2014/2
13,France,127.0,86.9,52.1,81.6,101.9,10.3,30.3,48.5,,2014/2
14,Portugal,122.6,51.8,65.4,66.0,67.8,8.7,29.0,30.9,,2014/2
15,Slovenia,121.3,57.8,68.8,55.9,75.0,11.2,22.0,32.7,,2014/2
16,Spain,121.2,71.2,65.9,74.2,75.7,10.4,30.9,50.2,,2014/2
17,Czech Republic,119.9,62.0,66.0,66.3,56.5,10.3,30.9,42.3,,2014/2
18,Lithuania,114.6,42.2,65.2,69.9,59.7,13.0,23.5,26.9,,2014/2
19,Croatia,105.5,46.0,70.6,57.7,68.7,13.3,32.9,30.5,,2014/2
20,Slovakia,103.9,50.4,66.4,58.8,61.0,9.5,37.5,40.8,,2014/2
21,Poland,97.9,56.4,65.8,54.3,53.4,11.1,34.3,50.1,,2014/2
22,Italy,88.4,72.5,52.9,66.0,95.8,11.6,38.0,60.4,,2014/2
23,Hungary,85.2,41.9,59.7,49.7,56.9,9.6,30.1,45.6,,2014/2
24,Greece,83.0,44.6,59.0,57.8,80.8,10.9,33.2,45.2,,2014/2
25,Belarus,72.8,32.7,71.0,48.0,50.3,16.7,24.8,46.4,,2014/2
26,Bosnia And Herzegovina,69.4,41.7,53.9,54.4,49.0,12.4,22.6,59.0,,2014/2
27,Romania,66.7,35.5,70.7,46.7,49.2,12.7,31.4,59.2,,2014/2
28,Serbia,66.6,36.6,58.4,54.7,50.7,16.4,24.6,50.9,,2014/2
29,Bulgaria,65.6,36.2,59.0,59.6,49.7,9.5,34.3,63.6,,2014/2
30,Russia,23.0,36.1,47.7,52.7,61.7,14.7,50.2,73.5,,2014/2
31,Ukraine,20.1,27.1,49.8,46.9,44.3,16.7,39.1,71.0,,2014/2
1,Switzerland,222.9,146.5,73.2,66.3,126.0,7.3,25.6,24.1,,2015
2,Germany,195.9,111.8,71.5,75.6,76.3,6.6,31.1,28.3,,2015
3,Sweden,193.9,110.9,57.9,76.3,82.9,9.2,26.9,15.1,,2015
4,Finland,190.2,101.2,70.5,69.4,89.7,7.0,33.2,14.9,,2015
5,Denmark,190.2,105.7,74.3,79.3,100.6,5.0,27.8,31.8,,2015
6,Austria,182.6,104.6,73.8,78.4,76.9,9.6,25.9,34.0,,2015
7,Norway,175.1,96.3,68.8,75.5,118.6,7.7,25.3,23.7,,2015
8,Netherlands,166.8,102.0,64.6,67.2,86.0,6.2,35.5,35.0,,2015
9,United Kingdom,156.9,98.1,58.0,73.9,92.2,8.6,34.0,34.0,,2015
10,Ireland,148.9,95.7,50.9,49.5,92.1,6.1,32.6,28.0,,2015
11,Estonia,144.6,51.4,71.9,73.1,61.2,11.6,22.4,15.5,,2015
12,France,139.3,92.6,50.3,82.6,88.4,9.7,28.6,45.9,,2015
13,Belgium,136.0,86.2,58.0,77.9,87.2,6.5,26.7,53.8,,2015
14,Spain,134.9,76.7,66.1,73.2,65.7,9.6,28.9,46.3,,2015
15,Slovenia,134.5,64.2,71.3,53.9,65.1,10.6,18.8,31.4,,2015
16,Portugal,129.2,58.2,64.2,65.6,58.2,8.3,28.2,32.6,,2015
17,Czech Republic,127.5,68.1,67.1,67.2,48.5,10.6,31.5,42.9,,2015
18,Lithuania,112.9,46.9,63.3,70.1,52.8,12.9,31.3,29.6,,2015
19,Croatia,112.3,50.5,70.7,57.3,58.9,12.5,30.5,32.8,,2015
20,Poland,109.7,63.5,67.0,58.0,45.1,10.6,34.7,50.6,,2015
21,Slovakia,109.1,56.0,66.7,57.3,51.6,8.6,30.4,47.9,,2015
22,Italy,101.0,79.4,52.5,65.8,82.7,11.7,35.9,57.7,,2015
23,Latvia,99.0,44.4,62.8,67.1,55.9,12.2,24.0,43.4,,2015
24,Greece,94.7,51.9,58.6,56.7,68.9,9.7,33.2,44.9,,2015
25,Hungary,93.1,46.9,58.2,51.6,48.9,8.6,30.1,46.3,,2015
26,Romania,83.6,40.6,70.3,46.6,42.4,11.8,30.7,50.5,,2015
27,Bosnia And Herzegovina,73.5,44.7,54.2,52.1,42.3,12.5,21.9,58.5,,2015
28,Belarus,72.5,35.8,69.5,45.4,50.2,16.4,30.6,45.1,,2015
29,Bulgaria,68.3,39.9,56.5,58.5,43.6,9.4,33.4,64.0,,2015
30,Serbia,60.3,39.1,56.6,54.1,43.3,17.1,27.8,56.6,,2015
31,Moldova,42.1,23.7,50.3,52.7,34.7,17.1,24.6,57.2,,2015
32,North Macedonia,28.9,35.5,63.9,35.1,37.4,15.4,33.2,82.3,,2015
33,Russia,28.4,38.9,48.7,51.8,61.9,14.6,47.1,72.8,,2015
34,Ukraine,20.1,27.9,50.6,44.3,41.3,17.4,40.0,69.9,,2015
1,Switzerland,285.8,210.0,73.8,66.5,124.5,8.1,24.9,24.3,,2015/2
2,Denmark,254.7,164.3,75.0,82.4,88.3,5.2,25.6,31.2,,2015/2
3,Germany,244.3,160.1,69.4,76.4,66.0,7.1,28.9,29.2,,2015/2
4,Finland,242.7,149.4,73.4,75.2,76.9,6.8,36.1,17.4,,2015/2
5,Sweden,237.2,156.2,57.0,75.2,73.9,8.4,28.2,18.6,,2015/2
6,Norway,223.0,139.8,69.6,74.6,109.3,7.3,25.0,22.4,,2015/2
7,Netherlands,220.8,150.6,66.7,68.8,74.4,5.4,37.5,34.7,,2015/2
8,Austria,214.6,135.3,73.7,76.5,68.1,9.4,28.9,32.4,,2015/2
9,United Kingdom,193.4,133.6,57.1,73.7,86.7,8.3,34.4,33.8,,2015/2
10,Ireland,189.0,137.6,51.4,49.7,79.7,8.1,31.8,28.9,,2015/2
11,France,183.5,132.5,52.4,81.0,75.9,9.1,30.5,45.2,,2015/2
12,Spain,178.8,114.8,67.6,74.2,56.6,8.5,28.7,46.2,,2015/2
13,Slovenia,168.2,94.6,73.0,53.3,55.6,10.3,22.6,29.9,,2015/2
14,Belgium,161.2,115.2,57.4,75.5,76.7,6.5,30.8,56.1,,2015/2
15,Czech Republic,161.1,98.8,67.7,67.7,42.7,9.9,32.9,42.7,,2015/2
16,Portugal,159.6,87.3,63.7,66.6,50.6,7.9,30.3,32.7,,2015/2
17,Poland,141.8,91.0,67.7,58.4,39.6,9.9,34.0,49.4,,2015/2
18,Italy,139.5,112.6,53.2,66.3,72.4,10.6,36.1,57.4,,2015/2
19,Croatia,138.8,71.4,71.0,59.2,49.8,11.6,32.2,31.3,,2015/2
20,Slovakia,136.7,77.1,67.2,56.8,45.1,8.8,26.1,44.5,,2015/2
21,Greece,130.3,83.2,60.6,56.0,58.9,8.3,30.6,47.6,,2015/2
22,Lithuania,121.6,64.4,57.5,64.9,46.1,12.8,31.4,32.8,,2015/2
23,Hungary,113.7,66.3,56.7,50.0,41.8,8.0,30.4,45.7,,2015/2
24,Romania,107.4,61.2,70.0,48.5,36.9,10.7,33.3,50.1,,2015/2
25,Bosnia And Herzegovina,102.3,64.9,55.9,52.5,36.2,11.1,22.4,55.2,,2015/2
26,Bulgaria,93.7,58.7,58.0,55.3,36.1,8.6,31.8,61.0,,2015/2
27,Serbia,80.5,55.9,54.8,54.3,35.4,15.6,25.7,57.5,,2015/2
28,Russia,59.8,62.0,50.7,53.7,44.3,14.8,46.8,70.4,,2015/2
29,Ukraine,12.4,32.7,50.4,46.2,30.7,24.6,41.2,70.3,,2015/2
1,Switzerland,208.5,178.7,74.3,68.9,123.1,8.6,28.7,23.0,70.5,2016
2,Denmark,206.5,142.1,74.3,81.9,84.9,5.9,25.6,29.9,70.6,2016
3,Germany,199.7,147.6,67.0,75.8,65.5,7.1,29.1,29.9,63.0,2016
4,Austria,192.4,120.5,75.9,77.8,66.6,9.5,26.8,30.8,63.8,2016
5,Netherlands,192.4,129.3,68.5,70.4,72.1,5.9,35.5,32.8,76.3,2016
6,Norway,188.9,125.8,69.9,74.2,99.8,7.4,29.5,18.2,56.3,2016
7,Spain,186.4,105.3,68.2,75.9,56.1,8.1,30.5,46.6,90.8,2016
8,Sweden,185.8,128.2,56.9,74.3,75.7,11.2,32.0,18.3,61.8,2016
9,Finland,184.0,132.9,71.9,74.4,75.2,7.7,32.9,17.8,32.6,2016
10,Portugal,181.2,75.5,64.9,69.0,49.8,8.4,30.6,31.8,91.7,2016
11,United Kingdom,180.2,120.0,56.9,74.0,81.0,9.3,35.5,35.0,81.6,2016
12,Slovenia,175.9,89.8,73.7,58.5,52.2,9.7,25.0,28.2,62.5,2016
13,France,173.6,118.5,55.9,82.2,75.3,11.9,32.0,46.3,78.3,2016
14,Croatia,172.4,67.9,70.5,60.0,48.2,11.9,30.0,30.4,85.6,2016
15,Ireland,171.9,125.7,51.6,50.4,78.0,8.5,32.3,30.8,73.1,2016
16,Czech Republic,167.4,90.0,67.9,72.3,41.8,10.3,32.5,42.5,63.5,2016
17,Greece,165.4,79.3,61.5,59.2,54.4,7.4,29.1,47.2,87.1,2016
18,Belgium,162.3,106.7,54.8,78.1,75.4,6.6,36.2,56.6,77.0,2016
19,Italy,159.3,105.7,53.8,67.8,68.8,10.4,36.5,56.6,86.2,2016
20,Poland,153.6,80.8,68.6,60.0,38.5,11.0,34.5,49.9,64.3,2016
21,Bosnia And Herzegovina,146.7,60.6,57.5,60.5,34.6,10.9,23.4,57.9,75.3,2016
22,Romania,146.1,61.9,70.3,51.4,34.8,10.6,33.3,50.5,67.0,2016
23,Bulgaria,141.6,59.2,58.6,50.9,36.4,8.8,28.7,60.4,77.8,2016
24,Hungary,140.7,56.3,58.1,52.1,41.3,9.8,31.8,46.7,66.9,2016
25,Serbia,138.3,49.6,56.7,55.9,33.6,16.6,28.4,55.1,83.9,2016
26,Lithuania,134.3,61.3,56.8,67.4,45.6,12.9,30.2,30.9,24.4,2016
27,North Macedonia,115.0,46.7,62.0,60.0,31.0,15.5,40.7,85.3,80.6,2016
28,Russia,88.3,57.4,52.7,54.1,38.5,12.8,49.1,64.5,10.9,2016
29,Ukraine,85.6,29.7,51.4,49.7,28.6,26.2,40.0,67.8,50.4,2016
1,Denmark,201.5,135.2,76.5,78.2,84.4,6.3,28.0,26.8,66.1,2016/2
2,Switzerland,196.4,153.9,75.6,69.9,125.7,9.3,27.4,21.7,63.4,2016/2
3,Germany,189.9,136.1,67.3,76.0,66.8,7.2,31.2,27.7,52.0,2016/2
4,Austria,187.0,103.5,78.3,78.8,71.8,10.4,29.0,25.4,62.1,2016/2
5,Netherlands,186.5,120.1,69.1,69.2,73.0,6.5,33.8,29.1,67.1,2016/2
6,Spain,184.7,94.8,67.9,76.6,57.0,8.7,30.8,40.4,89.2,2016/2
7,Finland,184.0,123.4,73.5,74.8,74.4,8.0,33.8,14.6,34.8,2016/2
8,Portugal,180.7,68.4,65.5,69.8,49.8,8.9,30.1,29.9,93.0,2016/2
9,Sweden,177.9,117.3,54.9,74.7,77.6,11.8,31.0,16.6,55.2,2016/2
10,United Kingdom,177.7,109.8,57.6,74.3,72.7,9.5,34.3,34.2,78.7,2016/2
11,Norway,176.2,115.0,60.6,73.9,104.3,7.7,28.9,19.3,52.3,2016/2
12,France,172.3,105.4,56.6,80.6,76.9,11.4,33.6,42.0,82.3,2016/2
13,Estonia,171.7,72.3,74.1,71.3,50.5,11.0,22.3,19.2,44.6,2016/2
14,Ireland,170.8,115.5,53.6,53.4,78.7,7.7,35.6,27.5,72.0,2016/2
15,Czech Republic,167.8,82.8,68.7,74.6,41.6,10.6,31.2,42.2,66.3,2016/2
16,Croatia,167.5,63.9,71.3,61.8,49.4,11.7,29.4,30.7,76.7,2016/2
17,Belgium,162.6,99.3,55.1,78.2,76.2,7.1,37.3,50.5,77.3,2016/2
18,Italy,160.2,102.6,55.0,66.6,69.7,10.6,36.9,53.0,86.7,2016/2
19,Greece,156.8,67.3,60.6,55.0,55.6,7.9,29.6,49.1,88.3,2016/2
20,Slovakia,154.1,67.6,68.8,61.1,45.7,9.6,32.2,44.3,65.1,2016/2
21,Poland,150.1,75.3,67.4,60.5,38.4,10.9,34.7,50.8,63.9,2016/2
22,Romania,144.9,57.1,69.5,53.1,35.7,11.0,32.1,48.7,65.6,2016/2
23,Bosnia And Herzegovina,142.5,56.2,58.6,60.9,35.1,11.2,23.5,57.3,69.2,2016/2
24,Hungary,140.0,50.7,59.2,52.5,42.3,10.8,31.1,45.5,68.4,2016/2
25,Bulgaria,139.7,54.3,58.0,53.4,37.0,9.2,27.5,61.7,78.2,2016/2
26,Serbia,135.9,44.8,60.1,55.8,34.5,17.6,27.9,55.9,82.7,2016/2
27,Lithuania,133.4,57.8,58.4,67.6,46.9,12.3,29.2,33.2,24.9,2016/2
28,North Macedonia,114.9,42.8,61.5,62.4,32.0,14.9,35.3,85.0,75.5,2016/2
29,Russia,86.5,52.6,52.6,55.4,35.6,13.3,48.4,64.5,9.2,2016/2
30,Ukraine,84.1,27.5,50.6,48.1,27.0,25.8,39.5,68.6,50.5,2016/2
1,Austria,190.4,95.7,80.8,80.9,71.5,9.7,26.3,21.9,62.1,2017
2,Germany,189.7,124.9,68.0,76.7,65.5,7.5,30.6,27.1,58.0,2017
3,Denmark,184.9,98.8,78.9,75.4,83.0,8.2,28.4,26.0,64.2,2017
4,Spain,183.6,87.9,68.7,76.7,55.0,8.3,32.6,37.5,88.0,2017
5,Finland,182.9,115.0,75.4,74.8,73.1,7.6,34.9,13.4,35.8,2017
6,Portugal,178.4,62.7,64.6,70.3,49.2,8.9,30.4,28.9,92.2,2017
7,Slovenia,175.5,78.2,75.9,64.4,53.2,8.3,26.5,26.4,60.5,2017
8,Netherlands,175.2,86.5,70.1,82.5,72.5,8.5,33.9,27.6,61.9,2017
9,Switzerland,173.5,95.3,77.6,71.0,122.1,14.0,28.3,20.8,69.3,2017
10,United Kingdom,172.9,96.9,58.8,74.3,69.5,10.0,34.6,34.9,78.9,2017
11,Sweden,172.7,107.2,53.4,70.6,75.9,11.8,31.6,17.9,59.1,2017
12,Estonia,171.1,68.5,77.0,71.3,49.5,10.5,26.7,17.7,44.6,2017
13,Croatia,170.6,60.7,72.2,65.5,48.0,10.9,28.5,33.3,82.0,2017
14,Ireland,166.9,103.5,54.2,53.3,77.0,7.0,35.0,27.2,70.2,2017
15,Norway,165.9,105.6,54.3,74.2,106.3,7.9,31.3,19.5,49.3,2017
16,Czech Republic,165.4,76.2,69.8,74.1,41.2,10.7,32.0,41.0,65.3,2017
17,Belgium,160.5,91.0,55.5,78.9,75.4,7.0,36.3,48.9,75.2,2017
18,France,160.3,87.3,56.3,78.6,74.9,11.6,35.8,40.2,73.9,2017
19,Slovakia,152.5,64.7,69.8,62.6,44.9,9.9,36.0,43.5,65.1,2017
20,Poland,150.2,71.8,68.5,61.5,38.1,10.1,34.6,50.3,62.5,2017
21,Greece,148.3,58.2,59.7,53.9,55.9,8.3,31.6,52.0,87.3,2017
22,Romania,143.0,53.4,72.1,53.1,35.6,10.8,32.0,50.9,64.5,2017
23,Italy,142.5,71.8,55.3,66.3,83.7,12.4,36.4,51.6,82.6,2017
24,Bosnia And Herzegovina,139.1,51.3,59.0,61.5,35.0,11.3,26.6,60.7,73.3,2017
25,Hungary,138.8,47.5,61.6,53.5,42.8,11.2,33.1,44.0,66.5,2017
26,Bulgaria,138.2,51.4,59.8,54.0,36.5,9.1,27.9,63.1,77.1,2017
27,Serbia,133.4,40.8,61.4,53.9,33.8,17.9,29.9,55.3,82.7,2017
28,Lithuania,130.3,51.7,60.0,68.7,46.7,14.2,28.0,34.3,25.0,2017
29,Belarus,119.2,36.4,77.7,53.8,33.8,18.7,27.7,39.6,20.1,2017
30,North Macedonia,116.4,39.8,61.3,63.5,30.9,14.7,33.8,83.4,75.5,2017
31,Ukraine,87.5,26.9,48.7,49.8,26.2,22.9,39.2,67.3,49.9,2017
32,Russia,85.9,48.3,53.9,56.4,42.0,13.5,48.6,63.0,10.7,2017
1,Denmark,180.1,98.7,78.5,76.2,93.3,7.3,28.6,24.2,82.0,2017/2
2,Finland,179.4,101.9,76.8,74.6,81.2,7.6,33.9,12.6,58.8,2017/2
3,Germany,178.9,107.9,67.4,76.0,73.2,7.8,30.7,27.2,82.8,2017/2
4,Austria,178.5,87.1,80.9,79.5,79.0,9.5,27.1,23.5,77.7,2017/2
5,Netherlands,177.8,94.2,71.1,82.2,79.6,6.7,32.8,27.3,86.8,2017/2
6,Switzerland,172.9,114.6,78.4,71.7,138.2,10.4,28.9,22.4,79.6,2017/2
7,Slovenia,166.1,68.7,75.3,65.2,58.3,8.2,26.5,26.0,76.1,2017/2
8,Spain,165.7,78.2,70.0,76.3,60.6,7.9,32.1,38.4,91.6,2017/2
9,Sweden,159.9,94.8,50.7,70.6,83.3,11.6,30.2,19.2,73.7,2017/2
10,Portugal,159.6,55.8,65.1,69.7,54.6,9.2,31.1,29.8,97.3,2017/2
11,Norway,158.9,92.2,55.0,75.0,112.8,8.6,30.6,19.5,71.9,2017/2
12,United Kingdom,156.8,92.5,59.0,74.3,76.0,11.1,35.5,36.9,87.7,2017/2
13,Croatia,155.1,53.7,71.9,65.1,54.0,10.8,29.4,31.7,87.2,2017/2
14,France,154.4,89.4,55.2,78.4,81.2,9.3,34.8,41.0,89.9,2017/2
15,Czech Republic,153.7,65.8,70.8,75.5,47.7,11.4,31.3,41.4,78.1,2017/2
16,Ireland,152.1,87.3,55.2,53.1,84.9,7.1,37.0,28.3,89.5,2017/2
17,Belgium,147.5,80.4,57.7,79.8,82.2,7.2,34.7,49.8,86.4,2017/2
18,Slovakia,144.5,57.9,69.5,63.2,49.4,9.7,33.7,42.0,77.5,2017/2
19,Poland,141.3,64.8,69.8,62.3,43.5,9.8,34.1,51.1,75.6,2017/2
20,Lithuania,138.4,48.5,60.9,66.3,51.9,13.8,27.0,33.9,66.8,2017/2
21,Romania,138.2,57.4,71.5,53.8,38.7,8.8,32.5,51.2,74.6,2017/2
22,Italy,132.6,68.1,55.4,66.7,77.4,10.4,36.2,52.3,89.6,2017/2
23,Greece,131.1,49.7,60.6,54.6,61.3,8.5,31.0,52.4,91.0,2017/2
24,Hungary,125.8,41.5,61.8,52.3,47.2,12.4,33.5,45.2,78.2,2017/2
25,Bulgaria,122.9,46.6,60.0,52.7,40.2,8.8,29.1,62.6,78.8,2017/2
26,Serbia,116.4,36.1,61.2,53.1,37.4,18.0,29.3,55.7,82.1,2017/2
27,Russia,91.7,45.2,54.3,56.1,44.5,12.4,49.5,63.8,38.0,2017/2
28,Ukraine,87.6,25.2,49.6,49.3,29.2,19.9,38.5,67.6,69.2,2017/2
1,Denmark,197.7,117.5,78.0,77.1,93.3,7.2,28.5,23.6,82.4,2018
2,Finland,195.3,119.4,76.3,75.4,81.7,7.5,33.2,12.1,58.6,2018
3,Netherlands,191.3,109.5,71.1,81.1,82.7,6.7,32.7,27.2,86.9,2018
4,Switzerland,190.8,126.1,78.2,71.7,131.4,10.9,29.3,23.0,79.8,2018
5,Austria,190.2,98.7,79.6,78.8,81.5,9.6,27.0,22.9,77.7,2018
6,Germany,190.0,125.0,63.3,75.4,74.3,8.0,31.3,27.3,82.5,2018
7,Sweden,176.8,113.0,50.7,70.4,83.7,10.5,30.7,19.1,75.1,2018
8,Estonia,176.4,74.8,79.2,71.3,57.6,9.2,32.7,17.2,63.6,2018
9,Norway,176.3,108.0,56.7,74.7,113.7,8.7,31.0,20.2,71.9,2018
10,Slovenia,175.4,80.3,75.3,64.7,59.6,8.4,27.8,26.2,76.3,2018
11,Spain,174.9,90.7,63.3,77.5,61.8,8.0,31.4,38.1,93.9,2018
12,United Kingdom,171.9,108.5,58.8,74.2,75.8,9.3,35.8,37.7,87.9,2018
13,Portugal,166.7,62.0,65.5,69.5,55.9,10.0,30.3,30.5,97.4,2018
14,France,166.2,101.2,54.7,78.0,83.9,9.9,35.0,40.4,89.8,2018
15,Belgium,164.0,98.9,57.8,80.4,83.3,7.1,34.6,48.9,86.1,2018
16,Ireland,163.5,96.1,56.2,53.0,85.4,7.6,37.5,28.7,89.4,2018
17,Croatia,162.4,59.8,73.0,63.8,55.1,11.1,29.5,32.7,88.8,2018
18,Czech Republic,162.0,76.3,71.2,75.4,50.1,12.7,30.3,41.0,77.9,2018
19,Slovakia,155.4,67.3,69.8,64.4,50.4,9.9,32.2,40.7,77.7,2018
20,Lithuania,149.0,57.3,62.4,66.8,53.2,13.0,28.7,33.1,68.8,2018
21,Poland,146.6,74.4,63.8,62.1,45.2,9.8,33.6,51.1,75.8,2018
22,Italy,146.1,81.1,55.5,68.0,79.1,9.9,37.0,53.1,91.4,2018
23,Romania,144.0,66.2,71.0,54.6,39.7,9.1,33.4,53.0,76.2,2018
24,Greece,137.4,53.8,60.9,54.2,63.2,9.5,32.2,52.8,92.6,2018
25,Hungary,132.3,50.6,63.5,51.1,48.6,13.3,34.1,46.6,78.5,2018
26,Bulgaria,129.7,54.4,60.3,52.1,41.2,8.6,31.1,63.0,81.6,2018
27,Bosnia And Herzegovina,129.3,52.4,59.9,55.9,39.3,11.6,27.5,61.6,78.9,2018
28,Serbia,123.5,41.8,62.2,53.4,39.6,17.2,28.9,56.6,82.9,2018
29,Russia,103.3,51.1,54.8,56.8,43.9,11.4,48.3,63.3,44.7,2018
30,Ukraine,96.0,30.2,50.6,50.1,26.0,18.2,38.5,67.2,70.2,2018
1,Denmark,199.9,118.8,77.3,79.9,82.7,7.1,30.2,22.5,81.9,2018/2
2,Finland,197.3,120.0,77.4,75.0,72.7,7.4,32.9,12.2,59.7,2018/2
3,Switzerland,194.0,130.1,77.9,72.2,120.0,10.6,29.4,22.9,79.9,2018/2
4,Austria,192.0,103.8,78.5,79.2,72.3,9.8,27.5,23.1,77.0,2018/2
5,Netherlands,190.2,108.3,71.8,79.1,75.9,7.3,31.9,28.1,87.0,2018/2
6,Germany,189.1,123.3,63.8,74.9,67.9,8.5,31.0,28.2,82.4,2018/2
7,Iceland,181.8,93.2,76.4,63.9,112.6,6.6,27.4,15.6,68.3,2018/2
8,Norway,181.6,109.5,61.6,75.0,104.1,8.2,29.5,20.1,71.3,2018/2
9,Sweden,181.4,120.9,50.1,69.0,70.4,9.6,31.0,18.5,74.5,2018/2
10,Estonia,180.7,77.4,79.7,72.5,51.6,9.2,29.6,18.1,66.2,2018/2
11,Slovenia,175.7,81.3,75.6,63.6,52.9,9.4,28.6,25.5,78.1,2018/2
12,Spain,174.4,90.4,63.2,77.9,55.4,8.6,31.9,38.6,94.0,2018/2
13,United Kingdom,174.2,112.9,58.4,74.1,67.2,8.9,35.6,38.4,87.8,2018/2
14,Portugal,164.8,60.0,66.2,69.5,50.6,11.6,30.4,31.3,97.8,2018/2
15,Belgium,164.6,99.3,58.5,80.9,74.4,7.2,35.7,49.4,86.0,2018/2
16,France,164.3,99.7,54.0,78.7,74.8,11.5,35.2,41.0,89.8,2018/2
17,Croatia,162.3,62.2,73.1,62.6,50.1,11.3,30.7,33.1,88.9,2018/2
18,Czech Republic,162.0,77.6,72.1,74.6,44.5,13.9,30.3,40.6,77.0,2018/2
19,Ireland,161.3,95.4,56.0,48.2,77.1,8.1,35.7,30.4,89.3,2018/2
20,Slovakia,155.4,66.5,70.0,62.9,45.4,10.0,30.9,41.3,78.6,2018/2
21,Lithuania,153.4,60.6,63.1,67.3,46.9,11.9,29.0,32.0,69.3,2018/2
22,Italy,149.1,86.8,54.8,67.1,69.7,9.6,36.5,53.8,92.5,2018/2
23,Poland,147.5,75.2,64.5,62.5,38.7,10.0,32.8,52.1,75.8,2018/2
24,Romania,141.0,63.8,71.5,54.2,36.7,9.9,35.6,54.4,76.8,2018/2
25,Belarus,138.7,44.3,73.8,56.2,32.0,14.9,29.1,40.7,64.3,2018/2
26,Greece,137.5,53.2,61.2,55.5,57.6,9.7,33.6,52.4,91.8,2018/2
27,Hungary,134.5,56.7,64.1,47.8,41.3,13.0,35.3,46.3,79.2,2018/2
28,Bulgaria,131.2,57.2,59.7,53.9,37.8,8.8,30.4,64.2,82.5,2018/2
29,Bosnia And Herzegovina,126.0,52.1,55.3,54.6,36.0,12.0,27.1,62.9,80.5,2018/2
30,Serbia,122.6,43.1,61.6,54.2,36.1,18.1,29.1,57.9,83.3,2018/2
31,North Macedonia,108.9,41.6,60.1,59.1,31.5,13.8,31.2,81.5,76.3,2018/2
32,Russia,107.3,52.1,56.4,57.3,36.7,11.4,47.0,63.4,48.7,2018/2
33,Ukraine,100.4,34.3,50.0,50.3,27.1,15.3,39.6,66.2,70.4,2018/2
1,Denmark,198.6,114.4,75.8,79.4,81.4,6.9,28.5,22.1,81.8,2019
2,Switzerland,195.9,129.7,78.5,72.7,121.2,9.6,29.1,22.0,80.0,2019
3,Finland,194.0,112.3,77.2,73.5,72.8,8.0,30.4,11.9,58.6,2019
4,Austria,191.1,96.7,78.6,79.2,71.8,10.1,25.2,22.0,77.7,2019
5,Netherlands,188.9,102.5,71.4,77.8,74.8,7.4,29.9,27.4,87.5,2019
6,Iceland,187.8,91.8,76.7,66.4,101.9,6.6,19.7,15.2,68.8,2019
7,Germany,187.0,116.2,65.5,74.3,67.6,9.0,29.9,28.0,82.5,2019
8,Norway,181.9,103.6,64.7,74.1,101.0,8.4,27.1,19.9,71.2,2019
9,Estonia,180.9,76.0,79.2,72.1,51.0,9.3,25.7,18.1,64.3,2019
10,Sweden,178.7,111.4,50.7,71.0,71.6,10.3,30.3,18.0,74.9,2019
11,Slovenia,176.0,75.4,77.4,62.8,52.5,10.2,24.8,24.3,78.1,2019
12,Spain,174.2,83.8,67.5,77.8,54.7,9.2,29.4,39.4,94.2,2019
13,United Kingdom,170.8,105.7,57.3,74.7,65.3,9.2,34.6,39.4,87.8,2019
14,Croatia,165.3,60.3,75.3,64.1,49.2,11.6,29.1,31.0,89.0,2019
15,Portugal,163.5,55.2,67.9,70.7,50.4,12.7,29.0,31.6,97.5,2019
16,Belgium,162.1,95.1,57.5,79.4,73.0,7.2,34.9,49.9,86.0,2019
17,Ireland,160.8,95.1,55.5,48.6,75.3,7.9,35.8,31.1,89.1,2019
18,Czech Republic,158.8,71.3,73.3,74.7,45.1,15.2,30.0,41.0,77.1,2019
19,France,157.8,91.6,53.6,78.6,74.9,12.9,35.3,42.7,88.3,2019
20,Lithuania,156.4,60.3,63.5,67.6,45.9,11.1,27.2,30.8,69.9,2019
21,Slovakia,153.1,63.2,70.5,60.1,45.0,10.3,29.6,41.9,78.1,2019
22,Latvia,149.2,55.2,63.2,59.7,49.2,9.4,31.4,35.0,74.7,2019
23,Poland,148.0,70.0,69.9,62.2,39.1,10.3,32.2,52.4,76.0,2019
24,Italy,145.7,77.5,55.0,67.1,69.2,10.0,34.7,53.8,91.2,2019
25,Belarus,141.5,44.6,76.5,58.0,33.1,14.3,28.8,41.0,64.4,2019
26,Romania,140.3,61.2,72.2,54.5,36.5,10.2,34.4,55.4,77.6,2019
27,Greece,137.8,49.6,61.4,55.2,56.7,9.8,32.2,51.9,94.2,2019
28,Hungary,134.5,54.7,64.8,48.2,42.0,12.6,35.2,46.5,78.7,2019
29,Bulgaria,130.6,52.2,60.0,54.0,37.2,8.7,28.8,64.0,82.8,2019
30,Bosnia And Herzegovina,124.5,49.2,56.2,53.2,35.7,12.3,26.4,63.5,80.5,2019
31,Serbia,119.8,39.9,62.7,52.6,35.4,18.6,29.7,58.9,83.2,2019
32,North Macedonia,110.6,39.8,60.7,59.0,31.6,13.7,27.9,80.9,76.3,2019
33,Russia,104.9,45.4,58.1,57.6,35.5,12.4,46.0,62.8,46.5,2019
34,Ukraine,102.3,32.7,51.1,51.0,27.9,14.3,37.4,66.6,70.7,2019
1,Denmark,196.5,110.7,75.3,79.2,83.9,7.5,29.6,20.8,82.3,2019/2
2,Switzerland,196.1,127.8,78.8,73.2,122.7,9.1,29.1,21.3,79.2,2019/2
3,Finland,195.1,108.8,77.3,75.3,72.2,7.9,30.6,11.6,62.8,2019/2
4,Iceland,188.1,92.0,76.8,65.7,97.2,6.4,19.5,15.7,68.8,2019/2
5,Austria,187.8,89.9,76.8,79.5,72.1,10.6,25.4,21.8,80.4,2019/2
6,Netherlands,186.4,98.0,71.5,75.6,75.2,7.5,29.4,27.3,87.6,2019/2
7,Germany,184.3,112.0,65.4,73.6,66.6,9.4,30.4,28.4,82.8,2019/2
8,Sweden,180.5,112.7,52.8,69.4,70.1,9.6,30.0,17.4,73.6,2019/2
9,Norway,179.8,98.0,66.5,74.4,104.5,8.6,27.2,20.3,71.4,2019/2
10,Estonia,178.3,76.8,77.8,68.5,51.0,9.1,25.5,19.9,64.3,2019/2
11,Spain,173.6,79.8,68.9,78.4,54.7,9.5,29.3,39.2,94.5,2019/2
12,Slovenia,172.3,68.2,78.0,63.7,54.2,10.6,26.7,23.2,76.1,2019/2
13,United Kingdom,166.7,100.5,56.4,74.9,65.3,9.8,34.8,40.6,87.7,2019/2
14,Croatia,164.7,57.2,75.8,65.6,50.0,12.7,29.9,29.1,89.0,2019/2
15,Portugal,164.4,53.6,69.9,71.6,50.8,13.0,29.2,30.6,97.5,2019/2
16,Belgium,160.8,93.2,57.5,78.3,73.1,6.9,34.6,50.5,86.0,2019/2
17,Czech Republic,160.4,71.2,74.0,74.5,45.7,14.4,29.7,40.1,77.1,2019/2
18,Lithuania,159.0,60.4,65.2,68.8,45.4,11.0,26.3,29.8,69.9,2019/2
19,Ireland,158.3,90.8,53.8,51.4,76.3,7.1,36.5,33.0,88.6,2019/2
20,France,156.1,87.7,53.5,78.3,74.6,13.7,34.6,42.9,89.8,2019/2
21,Slovakia,154.5,61.8,70.8,60.5,44.6,10.1,28.4,40.6,78.1,2019/2
22,Latvia,153.6,56.6,63.4,63.7,49.6,8.7,31.1,32.9,74.7,2019/2
23,Poland,145.9,66.1,70.3,62.5,39.4,10.9,31.7,52.9,75.9,2019/2
24,Italy,143.8,73.4,55.7,66.6,69.0,9.4,34.9,55.0,91.3,2019/2
25,Belarus,137.9,42.9,75.2,58.9,33.0,14.3,30.3,43.8,64.4,2019/2
26,Romania,135.7,54.2,72.2,55.0,36.1,11.2,34.8,56.5,77.6,2019/2
27,Greece,135.6,48.5,60.7,55.5,56.7,10.0,33.4,52.5,92.9,2019/2
28,Hungary,133.1,53.8,64.6,47.6,41.7,12.5,35.8,47.6,79.5,2019/2
29,Bulgaria,130.3,51.0,60.7,55.1,37.4,9.0,29.0,63.6,81.2,2019/2
30,Bosnia And Herzegovina,122.6,46.5,56.4,52.3,36.2,12.7,26.8,63.5,80.5,2019/2
31,Serbia,117.7,37.9,62.4,52.0,36.3,19.4,30.2,58.6,83.2,2019/2
32,North Macedonia,110.4,40.2,60.8,57.3,32.3,13.3,29.0,80.1,76.3,2019/2
33,Russia,104.1,43.7,58.3,57.6,38.6,11.1,45.3,63.5,42.8,2019/2
34,Ukraine,103.3,33.1,51.0,51.1,30.9,13.4,38.4,65.5,70.7,2019/2
1,Denmark,192.7,100.9,74.9,80.0,83.0,7.5,28.8,21.3,81.8,2020
2,Switzerland,192.0,119.5,78.4,72.4,122.4,8.7,29.1,22.4,79.2,2020
3,Finland,190.2,99.9,76.7,75.8,70.3,8.3,29.9,11.5,58.9,2020
4,Netherlands,183.7,90.7,72.4,74.6,73.7,7.5,29.4,27.4,87.6,2020
5,Austria,182.5,82.4,76.3,78.7,70.4,10.9,26.3,22.2,77.3,2020
6,Iceland,181.7,79.4,76.6,65.9,100.5,6.7,20.1,16.2,68.8,2020
7,Germany,179.8,102.4,65.2,73.3,65.3,9.4,31.0,29.0,83.0,2020
8,Estonia,177.8,71.3,76.9,72.7,50.9,9.1,24.5,19.8,64.3,2020
9,Sweden,175.9,101.7,52.9,69.2,69.8,9.3,30.5,18.1,74.0,2020
10,Norway,175.2,88.4,64.6,74.4,101.4,8.8,27.0,20.3,71.4,2020
11,Slovenia,172.2,66.3,78.9,64.6,53.4,10.5,27.3,24.1,77.6,2020
12,Spain,169.8,72.0,68.0,78.9,53.8,9.4,29.1,40.0,94.2,2020
13,Portugal,162.9,49.4,70.4,71.9,49.5,12.7,30.0,30.9,97.3,2020
14,United Kingdom,162.7,91.7,56.3,74.5,67.3,10.1,34.5,40.6,87.6,2020
15,Lithuania,159.4,57.8,66.9,69.5,44.3,10.9,26.1,28.8,67.8,2020
16,Croatia,159.0,50.4,75.3,62.7,49.7,13.7,29.1,30.5,89.0,2020
17,Czech Republic,156.2,62.8,74.5,74.6,46.1,15.4,29.7,40.2,77.1,2020
18,France,153.9,80.4,53.2,80.0,74.1,13.0,34.8,43.6,90.2,2020
19,Ireland,153.5,80.9,54.6,51.9,75.9,7.5,37.7,34.0,89.1,2020
20,Belgium,153.5,86.3,56.0,74.3,71.8,6.9,36.1,52.9,86.0,2020
21,Slovakia,152.5,56.9,70.8,60.0,44.5,10.2,29.1,39.7,78.1,2020
22,Latvia,150.0,52.5,63.0,62.9,47.9,8.8,32.9,33.7,74.7,2020
23,Poland,141.8,59.6,71.5,61.0,40.0,11.4,31.7,54.5,76.1,2020
24,Italy,140.8,65.6,55.7,66.6,67.3,9.7,34.4,55.6,92.3,2020
25,Belarus,134.8,37.0,75.0,59.0,34.7,14.6,30.7,43.6,64.4,2020
26,Greece,133.1,43.7,59.7,56.2,55.7,10.6,33.8,52.5,94.2,2020
27,Romania,132.4,48.9,72.4,55.1,35.3,11.3,34.7,58.4,77.6,2020
28,Bulgaria,129.8,49.4,61.5,55.4,36.7,8.5,29.4,65.3,82.8,2020
29,Hungary,128.2,47.6,64.9,47.8,40.9,14.8,35.8,48.3,79.5,2020
30,Bosnia And Herzegovina,121.9,41.8,57.0,52.3,36.0,12.6,26.7,62.3,80.5,2020
31,Serbia,116.3,36.7,62.6,51.3,35.7,18.9,30.4,60.3,83.2,2020
32,North Macedonia,110.5,37.2,61.3,56.4,31.6,12.6,27.6,80.2,76.3,2020
33,Ukraine,104.8,31.8,51.1,52.3,33.2,12.2,38.7,65.1,71.4,2020
34,Russia,102.3,38.9,58.9,57.6,39.2,10.8,45.3,62.8,40.4,2020
1,Denmark,192.5,101.3,73.9,80.2,85.0,7.0,28.9,21.5,81.8,2020/2
2,Switzerland,190.9,114.8,78.4,73.1,125.7,8.5,28.9,21.9,80.0,2020/2
3,Finland,186.4,93.9,74.5,76.0,72.7,8.7,29.4,11.8,59.2,2020/2
4,Netherlands,184.2,86.8,72.9,75.7,74.6,7.5,28.2,26.1,87.5,2020/2
5,Austria,181.7,79.4,75.6,78.6,71.8,10.8,25.8,21.6,78.2,2020/2
6,Iceland,180.7,74.8,76.3,65.6,90.2,6.6,20.1,16.2,68.8,2020/2
7,Germany,177.3,97.4,64.9,73.4,66.3,9.3,31.4,29.3,83.2,2020/2
8,Estonia,176.0,66.1,76.4,72.5,52.9,8.8,24.6,19.0,64.3,2020/2
9,Norway,174.5,83.4,65.4,74.5,96.8,8.7,26.6,20.1,71.4,2020/2
10,Sweden,172.2,94.0,52.6,69.2,72.3,9.0,30.3,19.0,74.0,2020/2
11,Slovenia,169.8,60.6,79.1,65.2,55.2,11.1,27.2,23.5,77.6,2020/2
12,Spain,167.1,67.7,67.7,78.7,55.3,9.5,29.4,40.4,94.0,2020/2
13,Portugal,162.5,47.1,70.2,71.9,49.5,12.5,30.1,30.4,97.7,2020/2
14,United Kingdom,161.2,87.0,55.5,74.9,65.7,9.6,34.5,40.6,87.8,2020/2
15,Lithuania,159.8,55.6,66.1,70.5,44.9,11.1,25.7,27.9,69.9,2020/2
16,Croatia,156.8,43.3,75.3,63.8,56.3,13.9,28.1,30.1,89.9,2020/2
17,Czech Republic,154.7,59.3,74.6,75.2,45.1,16.4,29.7,39.5,77.1,2020/2
18,France,150.7,76.2,52.6,80.7,76.3,14.1,35.0,43.6,89.8,2020/2
19,Ireland,150.2,74.6,54.3,52.3,78.1,7.7,38.1,34.3,89.1,2020/2
20,Slovakia,149.9,53.4,70.2,60.2,46.8,11.0,28.6,40.0,78.1,2020/2
21,Belgium,149.7,80.1,54.7,74.8,73.6,6.9,36.4,53.7,86.0,2020/2
22,Latvia,148.7,49.5,62.6,62.1,49.2,8.7,31.6,34.1,74.7,2020/2
23,Italy,139.0,61.8,55.8,67.0,69.0,9.8,34.3,55.7,91.6,2020/2
24,Belarus,133.5,33.7,75.0,60.0,32.6,15.5,30.2,43.6,64.4,2020/2
25,Romania,131.7,46.7,72.2,55.5,36.2,11.0,34.7,58.8,77.7,2020/2
26,Greece,131.5,40.8,58.7,56.6,57.5,10.7,33.7,52.3,94.2,2020/2
27,Hungary,128.4,46.3,64.8,48.0,40.1,13.8,35.9,48.7,79.5,2020/2
28,Bulgaria,127.1,44.1,61.4,56.2,38.4,9.1,29.4,65.4,82.8,2020/2
29,Poland,125.2,52.3,66.9,52.0,39.5,13.2,32.2,63.1,76.0,2020/2
30,Bosnia And Herzegovina,123.1,41.6,56.4,53.2,36.6,12.2,25.9,61.7,80.5,2020/2
31,Serbia,116.1,36.0,62.3,51.7,37.0,17.9,31.0,61.2,83.2,2020/2
32,North Macedonia,109.0,33.3,61.4,56.2,33.0,12.4,27.6,80.2,76.3,2020/2
33,Ukraine,105.3,30.9,51.2,52.7,30.0,11.9,38.3,65.1,71.1,2020/2
34,Russia,101.6,36.0,59.4,58.0,33.7,11.3,45.0,62.6,39.5,2020/2
1,Switzerland,190.8,111.0,78.7,74.5,131.7,8.4,28.7,20.1,80.0,2021
2,Denmark,190.0,94.7,73.3,80.0,91.7,6.7,28.7,20.4,81.8,2021
3,Netherlands,183.3,83.9,72.8,75.8,78.6,7.4,27.8,25.3,87.1,2021
4,Finland,182.8,89.1,73.0,76.4,77.5,8.6,29.0,11.9,56.6,2021
5,Austria,182.4,78.2,74.8,78.4,75.5,10.4,25.7,19.2,77.8,2021
6,Iceland,179.1,71.9,75.9,65.7,96.8,6.3,20.0,16.2,68.8,2021
7,Germany,176.8,93.7,64.6,73.8,70.6,9.1,31.4,27.5,83.0,2021
8,Norway,173.6,79.4,66.6,75.5,106.1,8.5,26.9,18.1,68.7,2021
9,Estonia,173.6,61.2,76.6,72.8,56.5,9.1,24.7,19.0,64.3,2021
10,Sweden,171.4,90.6,52.8,68.8,79.2,8.6,29.9,18.4,74.9,2021
11,Slovenia,168.2,56.1,78.2,65.3,59.4,10.9,26.8,22.7,77.6,2021
12,Spain,164.5,62.7,66.9,78.8,59.1,9.6,29.4,39.6,93.2,2021
13,Portugal,161.9,45.0,70.1,71.9,52.9,12.7,29.6,29.6,97.7,2021
14,Lithuania,160.0,54.6,66.2,71.0,47.7,11.0,25.7,27.0,69.9,2021
15,United Kingdom,159.0,82.6,54.7,74.9,71.0,9.6,34.4,40.2,88.0,2021
16,Czech Republic,156.3,56.4,74.7,75.4,49.2,15.5,29.7,36.3,77.1,2021
17,Croatia,156.1,43.1,75.1,64.2,56.4,14.2,28.1,30.6,89.7,2021
18,Belgium,150.9,76.5,55.8,75.2,78.5,6.9,36.2,50.3,86.0,2021
19,Ireland,150.9,73.8,55.0,52.8,83.1,7.4,37.7,33.6,89.1,2021
20,France,150.7,74.1,50.8,81.0,80.6,13.5,34.5,41.8,89.9,2021
21,Slovakia,149.7,50.4,70.3,60.9,49.1,11.1,27.8,39.1,78.1,2021
22,Latvia,147.6,45.9,62.8,62.2,52.9,8.5,31.2,33.9,74.7,2021
23,Italy,138.6,58.7,55.6,66.8,73.1,9.5,34.2,53.9,91.5,2021
24,Hungary,134.0,49.8,65.2,51.6,42.7,11.6,35.8,47.8,79.5,2021
25,Poland,132.6,47.1,70.7,58.3,42.0,14.0,31.3,54.3,75.9,2021
26,Romania,131.7,45.2,71.7,56.1,38.5,10.7,34.1,58.4,77.7,2021
27,Greece,129.9,38.9,55.9,57.0,61.0,10.1,33.9,51.9,94.2,2021
28,Bulgaria,126.3,40.3,61.9,56.1,40.9,9.0,29.4,64.5,82.8,2021
29,Bosnia And Herzegovina,125.7,42.6,57.0,53.5,38.6,10.7,25.9,60.7,80.5,2021
30,Serbia,116.2,35.8,61.7,51.6,39.2,17.1,31.1,61.2,83.2,2021
31,North Macedonia,108.5,32.0,61.4,56.5,34.1,12.7,27.2,80.0,76.3,2021
32,Ukraine,107.4,30.1,51.7,53.4,29.2,10.8,37.9,64.3,70.8,2021
33,Belarus,107.3,32.0,39.7,44.4,30.7,16.8,30.1,44.5,64.4,2021
34,Russia,101.7,34.6,59.9,58.4,33.2,11.1,44.6,62.3,38.5,2021
1,Switzerland,188.4,102.8,78.4,74.1,125.0,8.2,28.7,19.9,80.0,2021/2
2,Denmark,186.2,86.4,73.8,79.8,88.5,7.0,28.7,21.3,81.8,2021/2
3,Netherlands,180.3,76.7,72.8,75.3,78.9,7.3,27.6,25.4,87.0,2021/2
4,Finland,179.0,80.1,72.4,76.2,76.4,8.6,28.9,12.0,56.6,2021/2
5,Iceland,177.6,67.3,76.3,65.9,99.7,6.1,19.9,16.0,68.8,2021/2
6,Austria,176.4,68.7,74.5,77.0,74.9,10.9,25.7,20.4,77.1,2021/2
7,Germany,175.2,89.9,64.2,73.5,67.8,8.9,31.2,27.8,82.8,2021/2
8,Luxembourg,171.8,87.8,65.9,72.9,85.3,13.0,31.8,23.3,82.6,2021/2
9,Norway,171.7,73.6,66.3,75.6,103.6,8.1,26.9,18.1,68.7,2021/2
10,Estonia,171.2,56.6,76.3,72.7,53.8,9.4,24.4,19.7,64.3,2021/2
11,Sweden,170.2,85.4,52.0,68.8,75.9,7.7,29.8,18.5,74.9,2021/2
12,Slovenia,165.7,52.1,77.7,65.2,56.4,11.7,26.9,22.6,77.6,2021/2
13,Spain,163.5,58.5,66.7,78.8,56.6,9.2,29.3,39.7,93.6,2021/2
14,Lithuania,160.3,52.8,66.6,70.9,46.0,10.5,25.8,26.7,69.9,2021/2
15,Portugal,159.8,40.5,70.1,71.9,50.6,12.9,29.3,30.2,97.8,2021/2
16,Czech Republic,157.5,54.8,74.5,75.4,48.2,13.7,29.6,36.3,77.1,2021/2
17,United Kingdom,156.9,77.5,53.9,75.1,70.6,9.5,34.4,40.1,88.2,2021/2
18,Croatia,155.4,39.8,75.4,64.0,55.2,13.6,28.1,30.8,89.7,2021/2
19,France,153.6,76.4,48.0,80.6,77.6,10.0,34.8,42.2,90.4,2021/2
20,Ireland,150.5,71.6,54.5,52.8,78.5,6.7,38.1,33.9,89.1,2021/2
21,Belgium,148.2,70.1,55.4,75.4,75.8,7.0,36.8,50.1,86.0,2021/2
22,Slovakia,147.1,45.7,69.6,60.2,47.3,11.1,27.9,39.5,78.1,2021/2
23,Latvia,146.8,43.5,61.2,62.0,50.4,8.3,30.9,33.2,74.7,2021/2
24,Italy,137.8,54.3,55.2,67.0,70.0,8.8,34.0,54.1,91.5,2021/2
25,Hungary,134.5,47.4,65.6,52.9,42.3,10.6,35.9,48.1,79.5,2021/2
26,Romania,130.9,41.9,71.7,56.0,36.8,10.3,34.0,58.6,77.6,2021/2
27,Greece,128.0,36.0,54.1,57.1,58.4,9.6,34.0,52.1,92.5,2021/2
28,Poland,127.8,43.6,69.5,56.1,41.8,14.1,31.3,57.3,76.0,2021/2
29,Bulgaria,126.9,39.5,61.8,56.3,38.7,8.3,29.4,64.5,82.8,2021/2
30,Bosnia And Herzegovina,123.9,38.9,57.0,53.2,37.0,11.0,25.9,61.0,80.5,2021/2
31,Serbia,117.0,34.2,61.9,52.0,37.6,15.9,30.8,61.7,83.2,2021/2
32,North Macedonia,108.3,29.9,60.9,56.4,32.8,12.2,26.9,79.8,76.3,2021/2
33,Ukraine,107.8,30.3,52.6,53.7,31.2,11.2,37.8,63.6,70.7,2021/2
34,Belarus,107.1,29.9,40.4,44.8,31.6,16.2,30.3,44.8,64.4,2021/2
35,Russia,97.9,35.5,60.0,58.5,36.8,15.3,44.5,62.6,39.8,2021/2
1,Switzerland,195.3,118.4,78.3,74.8,123.3,8.3,28.5,19.6,80.2,2022
2,Denmark,192.4,99.5,73.4,80.1,84.1,6.8,28.5,21.0,81.8,2022
3,Netherlands,185.4,88.0,72.1,75.6,75.7,7.2,27.4,25.1,87.1,2022
4,Finland,185.0,91.0,72.7,76.3,73.2,7.9,27.8,12.1,56.6,2022
5,Iceland,182.3,77.1,76.5,66.4,94.9,6.4,19.8,15.8,68.8,2022
6,Germany,180.3,103.1,63.6,73.2,65.6,8.9,31.1,27.8,82.4,2022
7,Austria,179.2,77.3,73.9,76.7,71.0,10.7,25.5,21.7,77.1,2022
8,Norway,176.4,83.1,66.2,76.8,100.9,8.0,26.9,17.9,68.7,2022
9,Sweden,175.3,98.1,51.0,68.7,71.7,7.8,29.4,18.3,74.9,2022
10,Estonia,174.2,63.5,76.2,73.3,53.7,9.3,24.5,19.7,64.3,2022
11,Luxembourg,173.6,98.8,64.3,70.8,80.5,13.6,32.7,23.9,82.6,2022
12,Slovenia,169.0,59.5,77.3,65.2,53.9,11.5,26.5,22.9,77.6,2022
13,Spain,168.5,70.0,66.1,78.4,53.9,8.8,29.2,39.7,93.8,2022
14,Czech Republic,162.6,66.5,74.5,75.3,48.2,13.6,29.5,35.9,77.1,2022
15,Portugal,162.5,46.8,69.4,72.0,47.9,12.2,29.9,30.5,97.8,2022
16,Lithuania,161.8,58.7,66.7,71.9,45.6,11.0,26.0,26.7,67.8,2022
17,United Kingdom,161.7,88.8,53.5,74.8,69.7,8.9,34.4,40.2,88.1,2022
18,Croatia,159.2,47.5,75.9,64.1,48.9,13.9,26.9,31.2,89.0,2022
19,France,156.7,85.4,47.6,80.2,74.1,9.9,35.2,42.4,89.7,2022
20,Ireland,154.5,82.3,54.5,52.3,76.1,6.5,37.9,34.8,89.1,2022
21,Belgium,151.9,79.7,54.6,75.5,72.6,7.1,36.9,50.1,86.0,2022
22,Slovakia,151.2,54.7,69.8,60.3,44.7,11.2,28.2,39.1,78.1,2022
23,Latvia,150.8,51.6,61.3,62.4,48.5,8.1,31.2,32.7,74.7,2022
24,Italy,141.1,61.7,54.8,66.8,66.5,8.6,33.8,54.1,91.5,2022
25,Poland,140.0,60.0,70.2,57.8,39.0,11.2,31.8,54.7,76.0,2022
26,Hungary,137.1,52.0,65.7,53.4,40.7,10.9,35.5,47.9,80.3,2022
27,Romania,133.4,48.1,71.2,56.2,35.2,10.4,33.6,58.6,77.6,2022
28,Bulgaria,130.1,46.0,61.3,56.4,38.4,7.7,29.4,64.3,82.8,2022
29,Greece,129.2,39.7,52.6,57.3,56.2,10.1,33.8,51.9,94.2,2022
30,Bosnia And Herzegovina,127.1,44.1,57.8,54.3,36.1,10.8,26.0,60.9,80.5,2022
31,Serbia,117.2,37.8,61.7,52.5,36.2,16.5,30.8,62.9,83.2,2022
32,Ukraine,111.9,37.2,53.1,54.3,30.7,10.9,37.7,62.9,70.7,2022
33,North Macedonia,109.6,35.4,59.1,55.8,31.4,12.5,26.3,79.7,76.3,2022
34,Malta,109.5,44.2,59.2,45.6,67.8,13.1,29.1,81.0,97.4,2022
35,Belarus,108.5,31.8,41.6,45.6,30.9,16.7,30.2,44.8,64.4,2022
36,Russia,103.3,37.4,60.4,59.1,35.3,14.8,44.5,61.8,48.9,2022
1,Switzerland,195.1,116.2,77.9,75.3,110.3,8.9,28.4,19.4,79.6,2022/2
2,Denmark,194.2,99.8,73.7,79.8,73.1,6.3,28.4,20.9,81.8,2022/2
3,Netherlands,191.5,99.6,72.4,75.9,67.7,7.4,26.6,24.7,86.9,2022/2
4,Finland,186.8,91.0,73.2,76.8,63.7,7.5,27.6,12.0,56.6,2022/2
5,Iceland,184.5,82.6,75.7,66.6,86.6,6.8,20.0,15.8,68.8,2022/2
6,Norway,179.6,86.3,66.5,77.1,85.9,7.8,26.9,18.0,68.7,2022/2
7,Germany,178.3,102.7,63.0,72.4,59.6,10.6,31.1,28.1,82.9,2022/2
8,Austria,178.1,75.1,73.2,76.2,64.1,10.9,25.4,22.2,77.1,2022/2
9,Estonia,173.8,60.4,75.9,73.9,49.5,10.1,24.0,18.4,64.3,2022/2
10,Luxembourg,173.8,96.1,64.4,71.5,72.1,14.0,31.7,24.1,82.6,2022/2
11,Sweden,173.7,94.9,51.2,68.8,61.8,9.5,29.4,18.0,74.9,2022/2
12,Spain,173.0,77.3,65.0,78.1,47.5,7.5,29.2,39.1,93.6,2022/2
13,Slovenia,168.7,57.9,76.8,65.1,47.3,11.7,26.3,22.8,77.6,2022/2
14,United Kingdom,164.8,92.9,53.4,74.5,60.4,8.0,34.4,40.4,88.0,2022/2
15,Czech Republic,163.8,69.9,74.2,75.5,44.3,14.9,29.4,35.3,78.3,2022/2
16,Lithuania,163.0,55.7,67.4,73.4,43.1,12.2,25.3,24.8,69.9,2022/2
17,Croatia,162.7,52.8,76.0,63.7,43.7,13.2,26.7,31.4,89.9,2022/2
18,Portugal,162.2,47.9,68.5,72.1,42.2,13.0,29.6,31.0,97.8,2022/2
19,Belgium,155.8,86.3,53.3,75.5,62.8,6.6,36.4,49.8,86.0,2022/2
20,France,152.7,79.6,45.6,80.0,65.6,11.8,34.7,42.2,90.0,2022/2
21,Latvia,152.2,49.8,61.5,63.2,45.2,7.7,30.2,32.0,74.7,2022/2
22,Ireland,151.7,75.2,54.1,52.0,66.7,7.0,37.9,35.0,89.1,2022/2
23,Slovakia,150.5,53.8,69.5,60.1,41.0,12.0,28.1,38.6,78.1,2022/2
24,Italy,137.3,58.0,53.8,66.7,58.5,11.1,33.6,54.4,91.7,2022/2
25,Hungary,136.2,53.2,66.1,54.3,34.6,13.2,35.6,47.8,79.5,2022/2
26,Poland,132.2,60.7,67.9,54.6,35.1,13.5,32.3,60.1,76.0,2022/2
27,Romania,131.1,48.8,67.5,56.5,34.9,11.1,33.4,58.5,76.5,2022/2
28,Bosnia And Herzegovina,129.4,46.5,57.3,55.3,32.2,10.4,26.2,60.2,80.5,2022/2
29,Bulgaria,129.0,46.9,61.6,56.8,37.6,9.6,29.0,63.8,81.2,2022/2
30,Greece,127.1,38.4,52.0,57.2,50.2,12.1,33.7,51.8,93.8,2022/2
31,Serbia,120.4,41.6,61.8,52.4,33.3,14.8,31.0,63.3,83.2,2022/2
32,Ukraine,112.1,36.3,53.4,55.2,30.7,11.3,37.9,62.3,70.7,2022/2
33,North Macedonia,109.8,35.6,59.0,55.6,28.5,12.7,26.0,79.5,76.3,2022/2
34,Belarus,109.6,32.3,42.8,46.1,26.4,17.4,29.9,44.4,64.4,2022/2
35,Malta,106.1,44.8,56.3,38.2,57.7,12.9,30.0,81.1,97.4,2022/2
36,Russia,103.2,42.2,60.7,59.9,48.1,16.9,44.1,60.8,48.9,2022/2
1,Netherlands,196.7,107.8,72.7,77.1,68.6,7.2,25.5,23.7,86.8,2023
2,Denmark,194.7,105.0,73.4,79.2,78.6,6.6,28.5,21.3,81.8,2023
3,Switzerland,193.6,118.7,76.4,74.5,114.2,9.7,28.4,19.6,79.6,2023
4,Luxembourg,192.9,127.1,64.9,75.0,73.2,11.5,29.1,21.9,82.6,2023
5,Finland,190.5,98.8,73.2,77.1,67.5,7.8,27.2,12.0,59.2,2023
6,Iceland,187.5,90.1,75.1,67.0,83.3,7.0,20.6,15.2,68.8,2023
7,Austria,185.8,91.2,72.7,77.2,66.0,10.3,24.8,21.5,77.1,2023
8,Norway,182.7,95.0,66.5,76.7,88.6,8.1,26.7,17.7,68.7,2023
9,Germany,179.0,107.6,62.4,71.9,62.9,10.7,31.2,28.8,83.3,2023
10,Sweden,175.8,101.2,51.5,68.6,62.9,9.9,29.4,18.0,74.9,2023
11,Spain,173.8,82.5,64.3,77.9,50.6,7.8,29.1,39.6,93.7,2023
12,Estonia,171.9,61.4,74.9,74.1,54.8,11.8,23.8,17.9,64.3,2023
13,Slovenia,169.3,61.7,75.8,65.3,50.8,12.1,26.1,22.7,77.6,2023
14,United Kingdom,166.4,98.9,53.1,74.1,61.5,8.3,34.6,40.4,88.1,2023
15,Portugal,163.8,51.7,68.5,71.5,45.3,12.6,29.5,30.6,97.8,2023
16,Czech Republic,163.6,71.8,73.4,75.5,48.9,14.9,29.5,35.3,78.0,2023
17,Croatia,163.2,56.2,75.4,63.9,46.7,13.2,26.5,32.0,89.7,2023
18,Lithuania,161.5,56.7,67.0,73.2,48.8,12.7,25.0,25.7,69.9,2023
19,Belgium,157.3,94.5,50.9,75.2,65.6,6.5,36.3,50.1,86.0,2023
20,Ireland,154.0,82.6,54.1,51.8,70.5,7.3,37.9,34.8,89.1,2023
21,France,153.8,86.2,44.7,79.4,68.7,11.8,35.0,42.9,89.7,2023
22,Latvia,153.2,52.9,62.3,62.4,50.9,8.1,29.7,31.5,74.7,2023
23,Slovakia,149.7,56.3,68.6,60.1,44.2,13.2,28.1,38.3,78.1,2023
24,Italy,140.9,66.5,53.1,66.3,61.3,9.7,33.5,54.7,90.8,2023
25,Poland,139.9,64.0,70.8,57.6,38.6,13.3,32.1,54.5,76.0,2023
26,Hungary,134.3,53.1,66.1,54.4,39.2,14.6,35.6,47.7,79.5,2023
27,Romania,132.9,52.5,68.0,56.5,37.4,10.9,33.5,58.5,77.2,2023
28,Bulgaria,131.6,51.2,62.0,56.7,40.5,9.2,28.9,63.7,82.8,2023
29,Bosnia And Herzegovina,128.6,48.6,57.1,54.9,35.1,11.4,27.1,60.6,82.3,2023
30,Greece,128.6,41.9,53.0,57.5,54.6,11.5,33.7,51.6,91.8,2023
31,Serbia,117.4,39.6,61.8,52.2,37.2,15.9,31.1,64.1,83.2,2023
32,Belarus,114.7,36.4,43.6,47.1,35.4,13.8,29.9,44.5,64.4,2023
33,Malta,112.7,50.6,57.5,45.4,61.4,12.1,29.2,81.2,97.4,2023
34,Ukraine,112.5,38.1,53.3,55.2,25.6,12.2,37.8,62.1,70.7,2023
35,North Macedonia,110.0,38.2,59.1,55.3,31.4,13.3,25.7,79.7,76.3,2023
36,Russia,103.0,40.9,60.7,59.7,40.8,16.3,43.9,60.9,46.0,2023
1,Luxembourg,200.1,133.2,66.0,77.3,71.7,10.1,25.4,22.1,82.6,2023/2
2,Netherlands,200.1,106.9,73.8,78.6,67.5,6.7,23.8,21.9,86.7,2023/2
3,Iceland,191.1,100.4,75.0,67.2,87.7,5.9,22.3,15.7,68.8,2023/2
4,Denmark,190.6,96.9,73.4,78.4,79.2,6.7,28.6,21.9,81.8,2023/2
5,Finland,188.1,93.8,73.5,77.5,68.7,8.1,26.4,11.8,56.6,2023/2
6,Switzerland,185.8,110.8,75.1,73.4,117.3,11.0,30.2,21.2,79.6,2023/2
7,Austria,183.3,85.6,72.4,76.5,68.7,10.6,23.8,21.1,76.9,2023/2
8,Norway,181.8,90.7,67.5,76.6,82.2,8.2,26.5,18.0,68.7,2023/2
9,Spain,177.7,83.6,64.2,77.5,49.9,7.1,26.9,36.7,93.7,2023/2
10,Estonia,176.4,62.7,75.5,75.9,55.9,10.2,22.2,17.1,64.3,2023/2
11,Germany,176.0,100.2,62.0,71.8,66.0,10.2,30.7,29.0,83.3,2023/2
12,Sweden,174.8,95.3,51.9,68.5,60.9,9.1,28.9,17.9,74.9,2023/2
13,Slovenia,169.3,59.6,75.8,66.4,51.6,12.1,25.3,22.3,77.6,2023/2
14,Portugal,166.5,49.8,69.3,72.3,46.1,11.9,27.9,28.8,97.8,2023/2
15,United Kingdom,164.2,94.3,53.1,73.7,63.6,8.4,34.8,40.3,88.3,2023/2
16,Czech Republic,162.3,67.9,73.2,75.2,52.8,14.0,29.4,35.2,78.0,2023/2
17,Croatia,161.6,54.5,73.9,64.5,47.4,13.4,27.4,31.5,89.7,2023/2
18,Lithuania,160.4,54.8,66.8,73.7,49.9,12.6,24.6,26.7,69.9,2023/2
19,Belgium,156.4,90.7,51.1,75.2,65.8,6.4,36.0,49.7,86.0,2023/2
20,Ireland,153.2,80.0,53.9,51.9,70.4,7.3,37.5,34.7,89.1,2023/2
21,France,153.2,81.5,45.4,78.8,69.1,10.8,35.0,42.8,90.3,2023/2
22,Latvia,152.6,50.3,62.7,62.7,51.0,8.6,29.2,30.9,74.7,2023/2
23,Slovakia,148.2,51.2,68.7,59.7,47.5,13.0,27.6,37.3,78.1,2023/2
24,Italy,140.3,63.8,52.7,65.9,61.0,9.2,33.0,54.6,90.8,2023/2
25,Poland,139.6,59.9,70.8,58.9,44.7,11.8,32.0,54.6,75.9,2023/2
26,Hungary,131.6,48.4,66.2,54.2,48.0,14.6,35.4,47.9,79.5,2023/2
27,Bulgaria,131.4,49.2,62.5,56.9,40.3,8.7,29.2,63.8,82.8,2023/2
28,Romania,129.9,47.5,67.2,56.4,38.4,11.1,33.4,58.9,77.2,2023/2
29,Greece,128.9,41.4,53.5,57.2,53.2,11.7,33.7,51.7,93.1,2023/2
30,Bosnia And Herzegovina,127.2,45.3,57.5,54.8,36.7,11.7,26.4,60.7,82.3,2023/2
31,Malta,121.8,51.7,60.0,52.0,59.4,11.3,28.9,75.7,97.4,2023/2
32,Belarus,117.0,35.9,48.6,47.7,36.3,13.6,30.7,44.4,64.4,2023/2
33,Serbia,113.1,34.9,61.5,52.2,40.5,17.6,30.8,64.7,83.2,2023/2
34,North Macedonia,109.4,35.9,59.3,55.1,32.5,13.7,25.5,79.6,78.6,2023/2
35,Ukraine,107.3,31.2,53.2,55.3,30.7,14.2,37.7,62.0,70.7,2023/2
36,Russia,104.2,40.2,60.3,60.0,32.1,16.7,43.9,60.7,48.9,2023/2
1,Luxembourg,207.3,148.9,65.6,76.3,65.3,9.1,26.1,21.8,82.6,2024
2,Netherlands,198.5,103.3,73.7,78.9,64.3,7.4,23.7,21.8,87.1,2024
3,Iceland,194.9,109.1,74.6,67.1,85.7,5.6,21.9,15.8,68.8,2024
4,Denmark,193.6,103.3,73.7,78.0,75.2,6.8,28.7,21.9,82.5,2024
5,Finland,190.4,97.3,73.7,77.3,65.5,8.3,26.0,12.0,58.9,2024
6,Switzerland,186.7,118.9,74.7,72.6,112.2,11.1,33.1,22.2,79.2,2024
7,Norway,184.2,94.9,67.4,75.7,79.2,7.8,26.8,18.6,71.4,2024
8,Austria,181.5,84.4,70.7,76.6,66.8,11.0,24.1,21.8,77.8,2024
9,Estonia,180.1,69.0,76.2,76.3,53.0,10.2,21.8,16.7,64.3,2024
10,Germany,176.5,101.0,61.1,71.7,62.7,9.8,30.3,29.2,82.7,2024
11,Spain,176.5,78.2,63.8,77.6,48.4,7.4,26.4,35.6,94.4,2024
12,Sweden,175.0,94.6,51.6,68.6,62.2,8.1,29.1,17.7,74.0,2024
13,Slovenia,173.4,68.0,75.8,66.5,49.3,11.2,25.2,22.4,76.1,2024
14,Lithuania,165.0,61.8,67.2,74.4,48.4,11.1,23.8,26.9,67.8,2024
15,Portugal,164.1,46.5,68.8,72.7,46.6,12.6,27.9,28.7,97.3,2024
16,Croatia,164.0,58.0,74.0,65.1,46.9,13.4,26.0,31.3,89.0,2024
17,Czech Republic,163.6,64.9,73.2,75.5,48.6,12.9,29.2,34.8,79.1,2024
18,United Kingdom,160.3,90.1,52.6,73.5,63.7,9.9,34.6,40.5,87.7,2024
19,Belgium,156.5,90.7,50.8,75.3,63.0,6.8,35.5,49.7,86.0,2024
20,Ireland,153.9,82.0,53.5,51.8,66.5,7.5,37.8,34.2,88.6,2024
21,Latvia,152.5,51.9,62.6,62.6,51.4,9.4,29.0,30.8,74.7,2024
22,France,152.0,83.4,44.7,78.1,66.0,12.3,34.8,43.4,90.6,2024
23,Slovakia,148.7,55.8,68.9,59.2,47.9,14.5,27.4,37.2,78.1,2024
24,Italy,139.1,62.8,52.7,65.6,58.9,10.7,32.8,54.0,91.1,2024
25,Poland,137.4,66.2,69.3,55.4,41.9,12.2,32.9,57.5,75.9,2024
26,Bulgaria,133.5,52.6,62.9,57.2,38.7,8.9,29.1,63.3,82.8,2024
27,Hungary,133.2,49.8,66.3,54.0,43.4,13.8,35.8,48.0,79.5,2024
28,Romania,129.2,48.4,66.3,56.3,38.8,11.0,33.3,58.9,74.9,2024
29,Bosnia And Herzegovina,127.8,47.1,59.1,55.7,34.7,12.5,26.6,60.5,80.5,2024
30,Greece,127.2,42.1,53.3,57.3,54.2,13.6,33.6,52.0,93.8,2024
31,Malta,124.8,58.3,58.8,52.3,55.1,11.4,28.2,75.4,97.4,2024
32,Belarus,119.3,39.6,49.2,48.0,27.1,13.7,30.8,44.9,64.4,2024
33,Serbia,115.9,39.6,61.7,52.1,38.3,16.8,30.9,65.0,83.2,2024
34,North Macedonia,108.0,37.0,59.0,55.1,34.1,14.8,24.9,79.6,76.3,2024
35,Ukraine,107.2,32.2,53.1,55.4,28.6,15.0,37.7,61.8,70.7,2024
36,Russia,106.1,41.5,60.9,60.9,29.5,16.1,43.2,59.6,45.1,2024
37,Albania,100.5,31.6,54.4,49.5,40.8,14.1,36.7,77.0,86.4,2024
1,Luxembourg,219.3,182.5,65.7,75.3,62.4,8.9,27.2,23.3,82.6,2024/2
2,Netherlands,207.5,124.9,73.6,79.3,63.1,7.7,23.5,21.4,87.0,2024/2
3,Denmark,205.6,127.2,73.9,78.5,72.3,6.6,27.8,20.8,83.7,2024/2
4,Switzerland,204.0,158.7,73.9,71.7,101.1,10.4,32.9,23.3,82.0,2024/2
5,Finland,199.9,118.0,73.8,77.5,63.2,8.4,25.8,11.9,61.1,2024/2
6,Iceland,199.7,120.3,74.6,67.7,83.0,6.1,21.3,16.0,68.8,2024/2
7,Austria,190.8,102.4,70.6,77.2,65.1,11.0,23.9,21.2,81.8,2024/2
8,Norway,189.0,114.7,67.1,76.0,76.0,7.8,26.4,18.2,60.0,2024/2
9,Sweden,186.7,122.6,51.7,68.3,59.3,7.7,29.1,17.7,73.6,2024/2
10,Germany,185.0,120.2,61.0,72.0,62.2,9.4,30.0,28.7,82.0,2024/2
11,Estonia,183.5,80.4,76.4,75.9,52.0,11.2,21.8,17.0,64.3,2024/2
12,Spain,180.8,92.1,64.2,77.7,47.3,8.3,26.5,35.4,91.7,2024/2
13,Slovenia,177.7,80.9,76.4,66.3,49.9,12.5,25.2,22.0,76.1,2024/2
14,Croatia,172.1,75.0,74.4,65.0,45.5,12.8,25.8,30.8,89.2,2024/2
15,Czech Republic,171.9,84.0,73.2,75.6,46.6,12.7,29.1,34.9,80.1,2024/2
16,Lithuania,170.6,75.5,67.5,74.9,47.1,11.9,23.4,26.3,67.8,2024/2
17,United Kingdom,170.6,115.2,52.2,73.2,62.0,9.1,34.7,40.4,86.0,2024/2
18,Portugal,167.5,56.9,68.8,72.5,45.1,13.3,28.5,28.7,97.6,2024/2
19,Belgium,163.5,109.8,50.3,75.6,61.1,7.0,35.3,49.5,83.8,2024/2
20,Ireland,161.3,101.1,53.2,51.3,64.4,7.2,37.8,34.4,87.8,2024/2
21,France,159.8,102.4,44.7,77.8,63.7,11.2,34.8,43.7,88.4,2024/2
22,Latvia,159.4,66.9,62.7,62.4,49.1,9.0,28.9,30.4,74.7,2024/2
23,Slovakia,154.4,68.3,69.2,58.5,46.7,14.5,27.5,37.4,80.7,2024/2
24,Poland,149.3,85.8,70.9,57.7,40.8,11.6,31.8,55.6,75.4,2024/2
25,Italy,145.6,78.3,52.9,65.3,56.2,10.2,32.4,53.8,88.9,2024/2
26,Hungary,139.7,63.4,66.7,54.0,41.7,13.5,35.8,46.7,78.4,2024/2
27,Bulgaria,139.6,68.4,63.4,58.0,38.3,9.3,29.1,63.1,81.2,2024/2
28,Romania,137.4,63.8,67.7,56.4,37.5,10.4,33.3,58.8,76.3,2024/2
29,Greece,131.5,53.0,53.5,57.6,52.0,13.4,33.9,51.8,91.8,2024/2
30,Bosnia And Herzegovina,130.4,56.9,58.6,55.6,35.0,13.5,26.3,59.8,78.2,2024/2
31,Belarus,125.0,51.8,49.4,48.2,26.4,12.8,31.2,45.2,64.4,2024/2
32,Serbia,120.2,50.2,62.4,52.1,37.7,17.1,30.7,65.2,83.2,2024/2
33,North Macedonia,115.3,51.0,59.0,55.4,33.0,13.3,25.0,79.6,76.3,2024/2
34,Russia,111.2,50.6,61.1,61.1,31.0,16.0,43.3,59.3,48.9,2024/2
35,Ukraine,110.7,39.5,53.2,55.6,25.9,15.3,37.9,62.1,72.9,2024/2
36,Albania,103.5,39.9,54.6,49.0,42.1,14.1,36.7,77.2,86.4,2024/2
1,Luxembourg,220.1,184.3,65.8,75.2,64.8,8.6,27.0,23.3,82.6,2025
2,Netherlands,211.3,134.5,73.1,79.3,60.5,7.7,23.5,21.6,87.2,2025
3,Denmark,209.9,137.3,74.0,78.4,66.9,6.5,27.8,20.6,82.5,2025
4,Switzerland,205.0,164.8,73.5,71.5,98.4,11.0,33.0,23.1,79.2,2025
5,Finland,203.8,127.6,73.2,77.5,58.7,8.0,25.5,11.8,58.6,2025
6,Iceland,202.0,127.9,74.3,67.6,83.4,6.7,21.4,16.0,68.8,2025
7,Norway,195.0,122.7,67.0,75.6,69.0,8.4,26.4,18.3,68.5,2025
8,Sweden,193.2,133.8,52.0,68.3,54.2,7.7,28.7,17.6,76.5,2025
9,Austria,192.9,110.0,70.5,77.9,60.7,11.5,23.8,20.9,77.8,2025
10,Germany,190.2,130.7,60.6,71.9,58.4,8.9,29.7,28.9,82.9,2025
11,Estonia,185.7,86.0,76.3,75.5,49.4,11.4,21.5,17.0,64.3,2025
12,Spain,184.4,101.4,63.4,77.3,43.5,8.5,26.8,35.7,93.6,2025
13,Slovenia,179.3,86.1,76.2,66.1,46.2,13.0,25.2,22.2,76.1,2025
14,Czech Republic,174.8,91.1,73.5,75.5,42.6,13.5,28.9,34.6,80.1,2025
15,Croatia,174.6,80.8,74.5,64.7,43.2,12.8,25.3,31.2,89.2,2025
16,United Kingdom,174.5,124.0,51.7,72.7,59.2,8.8,34.7,40.7,87.2,2025
17,Lithuania,173.0,81.8,67.6,75.0,44.0,12.4,23.6,26.3,67.8,2025
18,Belgium,169.3,119.1,50.6,75.9,56.5,6.8,34.8,49.2,86.0,2025
19,Portugal,167.8,61.9,67.9,72.2,41.2,14.7,28.5,28.8,97.3,2025
20,Ireland,166.5,113.4,52.4,51.5,59.8,6.7,37.7,35.0,87.8,2025
21,France,166.3,112.8,44.6,77.7,58.0,10.3,34.5,43.5,90.2,2025
22,Latvia,164.7,77.2,62.9,62.4,43.4,8.6,28.7,30.3,74.7,2025
23,Slovakia,157.6,75.8,69.0,58.4,42.1,14.0,27.5,37.1,78.1,2025
24,Poland,153.9,94.2,71.0,58.0,38.9,11.0,31.9,55.4,75.9,2025
25,Italy,151.0,87.3,53.1,65.1,51.0,9.5,32.4,53.5,90.2,2025
26,Hungary,144.6,72.4,66.3,54.3,36.6,13.0,35.6,46.5,78.7,2025
27,Bulgaria,143.8,76.0,63.9,58.1,35.4,9.3,29.2,62.8,82.8,2025
28,Romania,142.2,74.7,67.7,56.5,34.0,10.3,33.4,58.7,76.2,2025
29,Greece,138.1,60.7,53.6,58.5,46.5,13.0,32.8,49.4,91.8,2025
30,Bosnia And Herzegovina,134.8,64.3,58.3,55.6,31.6,13.2,26.0,59.7,80.5,2025
31,Malta,132.7,77.8,57.0,52.5,48.0,11.2,28.1,75.5,97.4,2025
32,Belarus,127.5,56.1,50.2,48.5,25.0,12.8,31.2,44.9,64.4,2025
33,Serbia,124.8,59.1,62.8,52.1,35.9,16.0,30.7,65.8,83.2,2025
34,North Macedonia,120.3,60.7,58.9,55.1,30.3,12.3,24.9,79.6,76.3,2025
35,Russia,116.6,57.6,61.3,61.5,22.3,14.3,43.3,59.0,47.4,2025
36,Ukraine,115.0,47.4,53.0,55.9,24.6,13.6,37.9,62.1,70.7,2025
37,Albania,104.3,43.7,55.3,48.2,39.9,15.3,36.7,77.0,86.4,2025
1,Luxembourg,218.2,183.1,66.0,75.1,73.5,9.6,27.0,22.9,82.6,2025/2
2,Netherlands,216.5,144.5,74.2,80.6,68.1,7.4,22.7,20.9,86.8,2025/2
3,Denmark,215.1,152.7,74.0,78.3,74.1,6.1,27.7,20.9,81.2,2025/2
4,Switzerland,210.9,183.5,73.3,70.8,106.8,10.7,34.0,24.0,80.6,2025/2
5,Finland,208.3,142.9,73.5,77.4,64.5,7.8,25.1,11.7,54.4,2025/2
6,Norway,199.2,133.3,67.2,75.8,78.9,8.5,26.3,18.3,70.9,2025/2
7,Iceland,198.0,124.3,74.2,67.9,94.5,7.7,21.2,16.7,68.8,2025/2
8,Austria,197.7,122.0,71.7,78.5,67.6,11.8,23.2,20.6,76.6,2025/2
9,Germany,195.2,144.3,60.4,71.7,64.7,8.5,29.6,28.8,82.8,2025/2
10,Sweden,192.2,144.7,51.9,68.6,62.8,8.2,28.9,17.6,64.7,2025/2
11,Estonia,189.8,91.5,76.5,74.8,55.9,11.1,21.4,16.9,71.2,2025/2
12,Spain,187.2,110.7,62.8,77.3,48.6,8.6,26.7,35.3,92.7,2025/2
13,Slovenia,182.4,92.6,75.6,66.3,50.6,13.4,25.2,22.2,80.6,2025/2
14,Croatia,181.7,98.1,74.6,64.8,48.6,12.1,25.2,31.6,89.9,2025/2
15,Lithuania,178.8,92.9,67.0,74.7,48.3,11.1,23.6,25.9,69.9,2025/2
16,United Kingdom,177.2,131.7,51.6,72.5,64.2,8.7,34.8,40.7,88.1,2025/2
17,Czech Republic,176.3,97.6,73.4,75.5,48.2,13.6,28.9,34.6,78.7,2025/2
18,Belgium,173.7,131.0,50.5,75.8,63.6,6.6,34.5,49.2,86.4,2025/2
19,Ireland,169.6,122.2,51.4,51.5,66.6,6.8,37.5,34.9,89.8,2025/2
20,France,169.5,122.8,44.4,77.2,64.4,9.9,34.4,43.7,89.9,2025/2
21,Portugal,169.1,67.7,67.6,72.0,45.8,14.6,28.5,29.5,97.7,2025/2
22,Latvia,168.1,83.6,63.4,62.9,49.0,8.6,28.6,30.1,76.8,2025/2
23,Slovakia,159.4,83.3,69.0,58.2,46.7,13.2,27.4,37.1,73.9,2025/2
24,Poland,157.2,103.3,71.3,58.0,43.7,10.9,32.1,55.3,75.6,2025/2
25,Italy,154.4,96.0,52.8,64.9,57.2,9.0,32.1,53.4,90.1,2025/2
26,Bulgaria,148.3,88.2,64.1,58.2,39.3,9.1,29.1,62.8,81.5,2025/2
27,Hungary,147.1,81.4,66.3,54.1,42.3,13.6,35.5,46.7,79.3,2025/2
28,Romania,145.1,81.7,67.4,56.8,38.3,10.4,33.0,58.2,76.3,2025/2
29,Greece,140.4,66.6,53.6,58.5,51.0,13.1,32.8,49.4,93.1,2025/2
30,Bosnia And Herzegovina,136.8,68.4,58.8,54.9,35.7,13.2,25.9,59.7,82.9,2025/2
31,Malta,136.1,86.4,57.0,52.8,53.1,10.8,28.2,75.7,97.8,2025/2
32,Belarus,134.8,67.4,50.9,49.3,25.3,12.6,31.3,44.5,69.3,2025/2
33,Serbia,127.2,65.4,62.8,52.3,40.9,15.8,30.5,65.9,83.2,2025/2
34,North Macedonia,123.5,66.5,58.6,55.3,33.6,12.5,24.5,79.2,79.2,2025/2
35,Ukraine,117.8,52.3,53.0,55.8,26.1,12.9,37.8,62.2,71.9,2025/2
36,Russia,113.5,64.3,61.6,61.7,36.1,15.5,43.4,58.5,36.3,2025/2
37,Albania,104.1,46.3,55.8,48.2,43.7,16.3,36.3,77.3,86.3,2025/2
1,Netherlands,213.6,136.6,74.5,81.5,73.4,7.5,22.3,20.9,86.9,2026
2,Denmark,212.2,150.6,73.8,77.2,78.9,6.1,27.5,22.7,81.2,2026
3,Luxembourg,211.9,167.0,66.8,74.2,78.0,9.4,26.4,22.7,82.6,2026
4,Switzerland,206.2,176.1,72.6,71.2,110.7,11.4,34.5,24.3,80.7,2026
5,Finland,204.4,132.6,73.5,77.6,69.0,7.2,25.0,11.8,54.4,2026
6,Austria,199.8,123.2,71.5,78.9,71.3,9.9,23.2,20.4,76.6,2026
7,Germany,196.3,142.0,61.6,72.4,68.7,7.9,28.8,28.2,82.9,2026
8,Iceland,195.8,117.6,74.5,69.1,97.2,7.7,20.7,17.0,68.8,2026
9,Norway,195.4,128.0,66.7,75.8,83.7,8.0,28.0,19.0,70.6,2026
10,Estonia,190.7,90.3,76.8,75.2,59.7,10.5,20.9,16.1,71.2,2026
11,Sweden,189.3,136.9,52.1,68.3,68.0,7.6,28.8,17.6,65.0,2026
12,Spain,185.8,108.0,62.4,77.2,51.6,8.5,26.5,35.3,92.8,2026
13,Slovenia,181.5,89.9,75.5,66.2,54.1,12.5,25.1,22.7,80.6,2026
14,Lithuania,178.2,89.7,66.8,75.4,51.2,11.2,22.8,25.2,69.9,2026
15,Croatia,176.6,88.7,75.7,65.1,52.4,12.8,25.0,31.8,87.1,2026
16,United Kingdom,175.9,126.6,51.7,72.7,67.8,8.0,34.2,40.5,87.8,2026
17,Czech Republic,175.3,94.0,73.6,76.0,53.0,13.2,28.7,33.7,77.7,2026
18,Belgium,175.2,127.5,50.8,76.4,68.6,6.1,32.7,46.8,86.5,2026
19,France,169.8,121.5,44.2,77.0,67.7,8.6,34.4,43.5,89.6,2026
20,Portugal,169.5,68.7,67.0,72.0,48.8,13.9,28.5,29.9,97.8,2026
21,Ireland,167.7,119.0,51.0,51.2,70.6,6.9,37.3,34.7,89.5,2026
22,Latvia,167.3,79.1,63.7,63.6,52.3,8.9,27.6,29.1,76.8,2026
23,Slovakia,158.6,80.1,68.9,58.2,49.6,12.6,27.5,36.8,73.9,2026
24,Poland,156.1,99.8,71.3,57.9,47.3,10.2,32.0,55.5,75.7,2026
25,Italy,152.9,91.4,52.7,64.9,61.4,8.3,32.0,53.1,89.8,2026
26,Bulgaria,148.3,85.9,64.5,58.3,41.6,8.4,28.8,62.6,81.2,2026
27,Hungary,147.6,80.3,66.5,54.2,46.9,12.8,35.4,46.2,79.8,2026
28,Romania,143.0,78.6,67.2,56.5,40.6,10.5,33.2,58.4,76.3,2026
29,Greece,140.8,65.4,53.8,58.9,54.0,12.5,32.3,49.2,93.0,2026
30,Bosnia And Herzegovina,136.5,68.1,58.7,54.6,38.7,12.9,25.9,59.9,82.9,2026
31,Belarus,135.7,65.5,51.5,49.6,30.5,10.7,31.3,44.2,68.5,2026
32,Malta,135.3,83.9,57.0,53.3,56.8,10.6,27.9,75.7,97.8,2026
33,Serbia,127.6,64.7,63.0,52.1,42.6,14.8,30.6,65.8,82.7,2026
34,North Macedonia,124.2,66.1,58.6,55.4,35.5,11.8,24.3,79.2,79.9,2026
35,Ukraine,117.1,51.1,53.1,55.8,28.2,12.8,37.8,62.2,71.3,2026
36,Russia,115.6,63.2,61.8,61.6,36.5,13.7,43.3,58.4,38.0,2026
37,Albania,105.6,46.7,55.9,48.1,45.8,15.1,36.0,77.1,86.3,2026
